﻿<?xml version="1.0" encoding="UTF-8"?>
<addon
  id="visualization.vortex"
  version="1.0.15"
  name="Vortex"
  provider-name="Team-Kodi">
  <extension
    point="xbmc.player.musicviz"
    library_windx="Vortex_win32dx.vis"/>
  <extension point="xbmc.addon.metadata">
    <summary lang="af_ZA">Vortex Visualisasie van die XBOX paket</summary>
    <summary lang="ar_SA">تصور دوامة من حزمة XBOX</summary>
    <summary lang="bg_BG">Визуализацията Vortex  от пакета за XBOX</summary>
    <summary lang="ca_ES">Visualització Vortex del paquet d'XBOX</summary>
    <summary lang="cs_CZ">Vizualizace Vortex z balíčku XBOX</summary>
    <summary lang="cy_GB">Vortex Visualization o becyn XBOX</summary>
    <summary lang="da_DK">Vortex visualisering fra XBOX pakken</summary>
    <summary lang="de_DE">Vortex Visualisierung aus dem XBOX Paket</summary>
    <summary lang="el_GR">Οπτικοποίηση Δίνης από το πακέτο XBOX</summary>
    <summary lang="en_AU">Vortex Visualisation from XBOX package</summary>
    <summary lang="en_GB">Vortex Visualization from XBOX package</summary>
    <summary lang="en_NZ">Vortex Visualisation from XBOX package</summary>
    <summary lang="en_US">Vortex Visualization from XBOX package</summary>
    <summary lang="es_AR">Visualización Vortex del paquete XBOX</summary>
    <summary lang="es_ES">Visualización Vortex del paquete XBOX</summary>
    <summary lang="es_MX">Visualización Vortex desde el paquete de XBOX</summary>
    <summary lang="et_EE">Vortex visuaal XBOX-i paketist</summary>
    <summary lang="fa_IR">مجسم ساز Vortex از بسته XBOX. </summary>
    <summary lang="fi_FI">Vortex-visualisaatiot XBOX-paketista</summary>
    <summary lang="fr_CA">Visualisation Vortex du paquet XBOX</summary>
    <summary lang="fr_FR">Visualisation Vortex du Package XBOX</summary>
    <summary lang="gl_ES">Visualización Vortex do paquete XBOX</summary>
    <summary lang="he_IL">חיזוי מערבולת מחבילת XBOX</summary>
    <summary lang="hr_HR">Vortex vizualizacija iz XBOX paketa</summary>
    <summary lang="hu_HU">Vortex vizualizáció az XBOX csomagból</summary>
    <summary lang="id_ID">Visualisasi Vortex dari paket XBOX</summary>
    <summary lang="is_IS">Vortex sjónræn upplifun frá XBOX pakkanum</summary>
    <summary lang="it_IT">Visualizzazione vortice dal package XBOX</summary>
    <summary lang="ja_JP">XBOX パッケージ由来の渦巻きビジュアライザー</summary>
    <summary lang="ko_KR">XBOX 패키지의 Vortex 시각화</summary>
    <summary lang="lt_LT">Vortex vizualicija iš Kodi paketo</summary>
    <summary lang="lv_LV">Vortex vizualizācija no XBOX pakotnes</summary>
    <summary lang="mk_MK">Vortex визуелизација од пакетот на XBOX</summary>
    <summary lang="ms_MY">Pengvisualan Vortex melalui pakej XBOX</summary>
    <summary lang="nb_NO">Tornado Visualisering fra XBOX pakke</summary>
    <summary lang="nl_NL">Vortexvisualisatie van XBOX pakket</summary>
    <summary lang="pl_PL">Wizualizacja Vortex z XBOX</summary>
    <summary lang="pt_BR">Visualização Vortex do pacote XBOX</summary>
    <summary lang="pt_PT">Visualização Vortex do pacote XBOX</summary>
    <summary lang="ro_RO">Vizualizare Vortex din pachetul XBOX</summary>
    <summary lang="ru_RU">Vortex визуализация из пакета XBOX</summary>
    <summary lang="sk_SK">Vortex vizualizácia z XBOX balíčku</summary>
    <summary lang="sl_SI">Vizualizacija Vortex iz paketa XBOX</summary>
    <summary lang="sv_SE">Vortex Visualization från XBOX-paketet</summary>
    <summary lang="tg_TJ">Таҷассуми Vortex аз бастаи XBOX</summary>
    <summary lang="th_TH">การแสดง Vortex จาก XBOX package</summary>
    <summary lang="tr_TR">XBOX paketinden Vortex Görsel Öğe</summary>
    <summary lang="uk_UA">Візуалізація Вихору з XBOX пакету</summary>
    <summary lang="zh_CN">来自 XBOX 组件包的旋涡可视化效果</summary>
    <platform>windx</platform>
  </extension>
</addon>
